ISO,PROVINSI,CATEGORY,MEASURE,DATE_IMPLEMENTED,DATE_ENDED,SOURCE,LINK,TITLE,NUMBER
SU,SUMATERA UTARA,Social Distancing,School Closure,17/3/2020,,Government,https://www.sumutprov.go.id/artikel/edaran/surat-edaran-gubernur-sumut-peningkatan-kewaspadaan-terhadap-resiko-penularan-infeksi-corona-virus-di-sumatera-utara,Surat Edaran Gubernur Sumut Peningkatan Kewaspadaan Terhadap Resiko Penularan Infeksi Corona Virus di Sumatera Utara,Surat Edaran Nomor : 440 / 2666 / 2020
SU,SUMATERA UTARA,Social Distancing,Temporary Closure of Entertainment and Recreation Places,23/3/2020,,Government,https://www.sumutprov.go.id/artikel/edaran/surat-edaran-gubernur-tentang-penutupan-sementara-kegiatan-operasional-industri-pariwisata-dalam-upaya-kewaspadaan-terhadap-penularan-infeksi-corona-virus-disease-covid19,Surat Edaran Gubernur Tentang Penutupan Sementara Kegiatan Operasional Industri Pariwisata dalam Upaya Kewaspadaan Terhadap Penularan Infeksi Corona Virus Disease (COVID-19),Surat Edaran Nomor : 360/2854/2020
SU,SUMATERA UTARA,Social Distancing,Instruction for civil servant to work from home,26/3/2020,,Government,https://www.sumutprov.go.id/artikel/edaran/penyesuaian-sistem-kerja-aparatur-sipil-negara-di-lingkungan-pemerintah-provinsi-sumatera-utara-dalam-upaya-mensikapi-pencegahan-penyebaran-covid19,Penyesuaian sistem kerja Aparatur Sipil Negara di lingkungan Pemerintah Provinsi Sumatera Utara dalam upaya mensikapi pencegahan penyebaran covid-19,Surat Edaran Nomor:800/13978/BKD/I/2020
SU,SUMATERA UTARA,Public Health Measures,Instruction to health facilities to accept COVID-19 patients,03/04/2020,,Media,https://covid19.hukumonline.com/2020/04/03/instruksi-gubernur-sumatera-utara-nomor-188-54-4-inst-2020-tahun-2020/,Prosedur Penanganan Pasien Wabah Penyakit Corona Virus Disease 2019 di Provinsi Sumatera Utara,Instruksi Gubernur Sumatera Utara Nomor 188.54/4/inst/2020 Tahun 2020
SU,SUMATERA UTARA,Social Distancing,Instruction to extend WFH for civil servants,20/4/2020,13/05/2020,Media,https://covid19.hukumonline.com/wp-content/uploads/2020/09/surat_edaran_gubernur_sumatera_utara_nomor_800_15742_bkd_i_2020_tahun_2020.pdf,Perubahan Kedua atas Surat Edaran Gubernur Sumatera Utara Nomor: 800/15326/BKD/II/2020 Tentang Perubahan Atas Surat Edaran Gubernur Sumatera Nomor:800/13978/BKD/I/2020 Tentang Penyesuaian Sistem Kerja di Lingkungan Pemerintah Provinsi Sumatera Utara Dalam Upaya Mensikapi Pencegahan Penyebaran COVID-19,Surat Edaran Gubernur Sumatera Utara Nomor 800/15742/BKD/I/2020 Tahun 2020
SU,SUMATERA UTARA,Governance and socio-economic measure,Instruction to use mass media to optimize the distribution of information related to COVID-19 to public,02/06/2020,,Media,https://halopaginews.com/index.php/2020/06/02/berikut-isi-surat-edaran-gubsu-edy/,Imbauan untuk Memanfaatkan Media Massa dalam Sosialisasi Pencegahan dan Penanganan COVID-19 di Sumatera Utara,Surat Edaran Gubernur Sumatera Utara Nomor 440/4271/2020 Tahun 2020
SU,SUMATERA UTARA,Governance and socio-economic measure,Law enforcement to impose the health protocol in order to prevent and tackle COVID-19,10/08/2020,,Government,https://www.sumutprov.go.id/artikel/edaran/pergub-nomor-34-tahun-2020-tentang-peningkatan-disiplin-dan-penegakan-hukum-protokol-kesehatan-dalam-pencegahan-dan-pengendalian-corona-virus-disease-2019-covid19-di-provinsi-sumatera-utara,Peningkatan Disiplin dan Penegakan Hukum Protokol Kesehatan dalam Pencegahan dan Pengendalian Corona Virus Disease 2019 (COVID-19) di Provinsi Sumatera Utara,Peraturan Gubernur Sumatera Utara Nomor 34 Tahun 2020
JB,JAWA BARAT,Governance and socio-economic measure,Creating information and coordination centre of COVID-19,03/03/2020,,Government,https://jdih.jabarprov.go.id/page/info/produk/24430,Pembentukan Pusat Informasi dan Koordinasi CoronaVirus Disease-19 (COVID-19) Daerah Kabupaten dan Kota di Jawa Barat,Surat Edaran Gubernur Provinsi Jawa Barat Nomor 443/22/HUKHAM Tahun 2020
JB,JAWA BARAT,Governance and socio-economic measure,Instructing the head of health agency at the West Java to follow the protocol on taking specimen of COVID-19,13/03/2020,,Government,https://jdih.jabarprov.go.id/page/info/produk/24561,Pengambilan Spesimen CoronaVirus Disease-19,Instruksi Gubernur Provinsi Jawa Barat Nomor 400/02/HUKHAM Tahun 2020
JB,JAWA BARAT,Social Distancing,Closing temporarily public places and postponing any public events which involve lot of people,13/03/2020,28/03/2020,Government,https://jdih.jabarprov.go.id/page/info/produk/24564,Penutupan Sementara Fasilitas Umum dan Penundaan Sementara Kegiatan Tertentu di Lingkungan Pemerintah Daerah Jawa Barat,Surat Edaran Gubernur Provinsi Jawa Barat Nomor 400/25/UM Tahun 2020
JB,JAWA BARAT,Public Health Measures,Increasing the awareness to the risk of COVID-19 infection,13/03/2020,,Government,https://jdih.jabarprov.go.id/page/info/produk/24563,Peningkatan Kewaspadaan Terhadap Risiko Penularan Infeksi Coronavirus Disease-19 (COVID-19),Surat Edaran Gubernur Provinsi Jawa Barat Nomor 400/26/HUKHAM Tahun 2020
JB,JAWA BARAT,Public Health Measures,Increasing the awareness to the risk of COVID-19 infection,13/03/2020,,Government,https://jdih.jabarprov.go.id/page/info/produk/24568,Peningkatan Kewaspadaan Terhadap Risiko Penularan Infeksi Coronavirus Disease-19 (COVID-19),Surat Edaran Gubernur Provinsi Jawa Barat Nomor 400/27/HUKHAM Tahun 2020
JB,JAWA BARAT,Governance and socio-economic measure,"The announcement of COVID-19 as pandemic in West Java, and prevention of the spreading of COVID-19",14/03/2020,,Government,https://jdih.jabarprov.go.id/page/info/produk/24538,Pencegahan dan Penanggulangan CoronaVirus Disease 19 (COVID-19) in West Java,Keputusan Gubernur Jawa Barat Nomor 443/KEP.176-DINKES/2020 Tahun 2020
JB,JAWA BARAT,Governance and socio-economic measure,16 point of policies when handling COVID-19,27/03/2020,09/04/2020,Government,https://humas.bandung.go.id/layanan/pandemi-covid-19-belum-usai-wali-kota-kembali-keluarkan-surat-edaran,Pencegahan Penyebaran Corona Virus Disease 19 (COVID-19),Surat Edaran Walikota Bandung Nomor 443/SE.030-DINKES Tahun 2020
JB,JAWA BARAT,Social Distancing,Working arrangement for civil servants during COVID-19,16/03/2020,31/03/2020,Media,https://covid19.hukumonline.com/2020/03/16/surat-edaran-sekertaris-daerah-provinsi-jawa-barat-nomor-800-30-bkd-tahun-2020/,Penyesuaian Sistem Kerja Aparatur Sipil Negara dalam Upaya Pencegahan Penyebaran COVID-19 di Lingkungan Pemerintah Provinsi Jawa Barat,Surat Edaran Sekertaris Daerah Provinsi Jawa Barat Nomor 800/30/BKD Tahun 2020
JB,JAWA BARAT,Public Health Measures,The establishment of hospitals for COVID-19,13/04/2020,,Government,https://jdih.jabarprov.go.id/page/info/produk/24649,Penetapan Rumah Sakit Rujukan Penanggulangan Penyakit Infeksi Emerging Tertentu,Keputusan Gubernur Jawa Barat Nomor 445/KEP.186-DINKES/2020 Tahun 2020
JB,JAWA BARAT,Public Health Measures,Technical guidelines for the equipment and health tools to handle COVID-19 in West Java,18/03/2020,,Government,https://jdih.jabarprov.go.id/page/info/produk/24576,Pedoman Teknis Pembayaran Peralatan dan Bahan Kesehatan Untuk Penanganan CoronaVirus Disease-19 (COVID-19)di Jawa Barat,Peraturan Gubernur Jawa Barat Nomor 17 Tahun 2020
JB,JAWA BARAT,Governance and socio-economic measure,Establishing emergency status for pandemic,19/03/2020,,Media,https://lokataru.id/wp-content/uploads/2020/04/Kep-Gubernur-No-443.pdf,Status Keadaan Tertentu Darurat Bencana Wabah Penyakit Akibat CoronaVirus Disease 19 (COVID-19) di Jawa Barat,Keputusan Gubernur Jawa Barat Nomor 443/KEP.189-HUKHAM/2020 Tahun 2020
JB,JAWA BARAT,Public Health Measures,Establishing the health laboratorium for COVID-19,19/03/2020,,Media,https://lokataru.id/wp-content/uploads/2020/04/Kep-Gubernur-No-443-192.pdf,Penetapan Laboratorium Kesehatan Pemerintah Daerah Provinsi Jawa Barat Sebagai Laboratorium Pemeriksaan CoronaVirus Disease-19 (COVID-19),Keputusan Gubernur Jawa Barat Nomor 443/KEP.192-DINKES/2020 Tahun 2020
JB,JAWA BARAT,Social Distancing,the extension of WFH for civil servants,27/03/2020,,Government,https://jdih.jabarprov.go.id/page/info/produk/24597,Perpanjangan Penyesuaian Sistem Kerja Aparatur Sipil Negara dalam Upaya Pencegahan Penyebaran COVID-19 di Lingkungan Pemerintah Daerah Provisi Jawa Barat,Surat Edaran Sekertaris Daerah Provinsi Jawa Barat Nomor 800/47/BKD Tahun 2020
JB,JAWA BARAT,Social Distancing,The extension of the closing of public places,27/03/2020,,Government,https://jdih.jabarprov.go.id/page/info/produk/24598,Perpanjangan Penutupan Sementara Fasilitas Umum dan Penundaan Sementara Kegiatan Tertentu di Lingkungan Pemerintah Daerah Provinsi Jawa Barat,Surat Edaran Sekertaris Daerah Provinsi Jawa Barat Nomor 443/46/UM Tahun 2020
JB,JAWA BARAT,Social Distancing,The extension of study from home,27/03/2020,13/04/2020,Government,http://bappeda.jabarprov.go.id/belajar-dari-rumah-bagi-pelajar-di-jabar-diperpanjang-hingga-13-april/,Penyelenggaraan Pendidikan dalam Rangka Pencegahan Penyebaran COVID-19 di Provinsi Jawa Barat,Surat Dinas Pendidikan Pemerintah Daerah Provinsi Jawa Barat Nomor 443/3718-SET.DISDIK Tahun 2020
JB,JAWA BARAT,Governance and socio-economic measure,The establishment of COVID-19 Task Force,27/03/2020,,Government,https://jdih.jabarprov.go.id/page/info/produk/24593,Gugus Tugas Percepatan Penanggulangan CoronaVirus Disease 19 (COVID-19) di Jawa Barat,Keputusan Gubernur Jawa Barat Nomor 443/KEP.199-HUKHAM/2020 Tahun 2020
JB,JAWA BARAT,Governance and socio-economic measure,Efforts to protect workers,30/03/2020,,Media,https://covid19.hukumonline.com/2020/03/30/surat-edaran-walikota-bandung-nomor-kt-01-05-039-disnaker-iii-2020-tahun-2020/,Perlindungan Pekerja/Buruh dan Kelangsungan Usaha dalam Rangka Pencegahan dan Penanggulangan COVID 19,Surat Edaran Walikota Bandung Nomor KT.01.05/039-DISNAKER/III/2020 Tahun 2020
JB,JAWA BARAT,Governance and socio-economic measure,Establishing new status of emergency response,01/04/2020,,Government,https://jdih.jabarprov.go.id/page/info/produk/24610,Status Tanggap Darurat Bencana Nonalam Pandemi CoronaVirus Disease 2019 (COVID-19) di Daerah Provinsi Jawa Barat,Keputusan Gubernur Jawa Barat Nomor 443/KEP.207-DINKES/2020 Tahun 2020
JB,JAWA BARAT,Public Health Measures,Establishing alternative burial for COVID,02/04/2020,,Media,https://covid19.hukumonline.com/2020/04/02/keputusan-gubernur-jawa-barat-nomor-525-5-kep-210-hukham-2020-tahun-2020/,Lahan Cadangan Pemakaman Khusus Provinsi Jawa Barat,Keputusan Gubernur Jawa Barat Nomor 525.5/KEP.210-HUKHAM/2020 Tahun 2020
JB,JAWA BARAT,Public Health Measures,Providing burial places,02/04/2020,,Media,https://covid19.hukumonline.com/2020/04/02/instruksi-gubernur-jawa-barat-nomor-469-01-hukham-tahun-2020/,Penyediaan Tempat Pemakaman untuk Pasien/Korban CoronaVirus Disease 19 (COVID-19),Instruksi Gubernur Jawa Barat Nomor 469/01/HUKHAM Tahun 2020
JB,JAWA BARAT,Public Health Measures,Providing mental health services,02/04/2020,,Media,https://covid19.hukumonline.com/2020/04/02/keputusan-gubernur-jawa-barat-nomor-445-kep-211-hukham-2020-tahun-2020/,PENUNJUKAN SATUAN PELAYANAN KESEHATAN JIWA KOMUNITAS PROVINSI JAWA BARAT SEBAGAI TEMPAT RUJUKAN PENANGGULANGAN CORONAVIRUS DISEASE-19 (COVID-19) BAGI LANJUT USIA,Keputusan Gubernur Jawa Barat Nomor 445/KEP.211-HUKHAM/2020 Tahun 2020
JB,JAWA BARAT,Governance and socio-economic measure,Task Force Covid,02/04/2020,,Government,https://jdih.jabarprov.go.id/page/info/produk/24612,PERUBAHAN ATAS KEPUTUSAN GUBERNUR JAWA BARAT NOMOR 443/KEP.199-HUKHAM/2020 TENTANG GUGUS TUGAS PERCEPATAN PENANGGULANGAN CORONAVIRUS DISEASE 19 (COVID-19) DI JAWA BARAT,Keputusan Gubernur Jawa Barat Nomor 443/KEP.209-HUKHAM/2020 Tahun 2020
JB,JAWA BARAT,Governance and socio-economic measure,Money for the death caused by COVID-19,06/04/2020,,Media,https://covid19.hukumonline.com/2020/04/06/keputusan-gubernur-jawa-barat-nomor-443-kep-214-org-2020-tahun-2020/,SANTUNAN KEMATIAN BAGI PETGAS DI LINGKUNGAN PEMERINTAH DAERAH PROVINSI JAWA BARAT DALAM PENANGANAN CORONAVIRUS DISEASE-19 (COVID-19),Keputusan Gubernur Jawa Barat Nomor 443/KEP.214-ORG/2020 Tahun 2020
JB,JAWA BARAT,Public Health Measures,"The establishment of COVID-19 Task Force, doing contact and clusters tracing, the recruitment of experts of medical and non medical workers, etc",08/04/2020,,Media,https://covid19.hukumonline.com/2020/04/08/instruksi-gubernur-jawa-barat-nomor-443-04-hukham-tahun-2020/,PENANGGULANGAN CORONAVIRUS DISEASE 19 (COVID-19) DAN HIMBAUAN TERKAIT MUDIK SELAMA PANDEMI COVID-19,Instruksi Gubernur Jawa Barat Nomor 443/04/HUKHAM Tahun 2020
JB,JAWA BARAT,Public Health Measures,The protocol on how to treat the burial and the deceased of COVID-19,08/04/2020,,Media,https://covid19.hukumonline.com/2020/04/08/keputusan-gubernur-jawa-barat-nomor-443-kep-218-hukham-2020-tahun-2020/,PROTOKOL PEMULASARAN JENAZAH PASIEN/KOBAN CORONAVIRUS DISEASE 19 (COVID-19) DI DAERAH PROVINSI JAWA BARAT,Keputusan Gubernur Jawa Barat Nomor 443/KEP.218-HUKHAM/2020 Tahun 2020
JB,JAWA BARAT,Social Distancing,The extension of study from home,09/04/2020,,Media,https://covid19.hukumonline.com/2020/04/09/surat-dinas-pendidikan-provinsi-jawa-barat-nomor-443-4181-set-disdik-tahun-2020/,PERPANJANGAN WAKTU PELAKSANAAN PBM DI RUMAH DAN INFORMASI KEGIATAN AKADEMIK TAHUN PELAJARAN 2019/2020,Surat Dinas Pendidikan Provinsi Jawa Barat Nomor 443/4181-SET.DISDIK Tahun 2020
JB,JAWA BARAT,Governance and socio-economic measure,The establishment of data facilitation and information system of COVID-19 cases,09/04/2020,,Government,https://jdih.jabarprov.go.id/page/info/produk/24637,TIM FASILITASI KOMPILASI DATA DAN SISTEM INFORMASI KASUS CORONA VIRUS DISEASE-2019 (COVID-19) DI WILAYAH DAERAH PROVINSI JAWA BARAT,Keputusan Gubernur Jawa Barat Nomor 443/KEP.220-HUKHAM/2020 Tahun 2020
JB,JAWA BARAT,Governance and socio-economic measure,Social safety net for impacted people of COVID-19,11/04/2020,,Government,https://peraturan.bpk.go.id/Home/Details/136932/pergub-prov-jawa-barat-no-26-tahun-2020,JARING PENGAMAN SOCIAL (SOCIAL SAFETY NET) BAGI MASYARAKAT YANG TERDAMPAK EKONOMI AKIBAT PANDEMI CORONAVIRUS DISEASE-19 (COVID-19) DI JAWA BARAT,Peraturan Gubernur Jawa Barat Nomor 26 Tahun 2020
JB,JAWA BARAT,Public Health Measures,The Large Scale Social restrictions,12/04/2020,,Media,https://covid19.hukumonline.com/2020/04/12/surat-gubernur-jawa-barat-nomor-460-1864-hukham-tahun-2020/,PEMBATASAN SOSIAL BERSKALA BESAR DI WILAYAH PROVINSI JAWA BARAT,Surat Gubernur Jawa Barat Nomor 460/1864/HUKHAM Tahun 2020
JB,JAWA BARAT,Public Health Measures,The implementation of the large scale of social restrictions,12/04/2020,,Government,https://ppid.bogorkab.go.id/?d=10287&page_title=Kepgub_Jabar_Nomor._443/kep.221-Hukham/2020,"PEMBERLAKUAN PEMBATASAN SOSIAL BERSKALA BESAR DI DAERAH KABUPATE BOGOR, DAERAH KOTA BOGOR, DAERAH KOTA DEPOK, DAERAH KABUPATEN BEKASI, DAN DAERAH KOTA BEKASI DALAM RANGKA PERCEPATAN PENANGANAN CORONAVIRUS DISEASE 2019 (COVID-19)",Keputusan Gubernur Jawa Barat Nomor 443/KEP.221-HUKHAM/2020 Tahun 2020
JB,JAWA BARAT,Public Health Measures,The guidelines (policies) of the large scale of social restrictions,12/04/2020,,Government,https://jdih.jabarprov.go.id/page/info/produk/24640,"PEDOMAN PEMBATASAN SOSIAL BERSKALA BESAR DALAM PENANGANAN CORONA VIRUS DISEASE 2019 (COVID-19) DI DAERAH KABUPATEN BOGOR, DAERAH KOTA BOGOR, DAERAH KOTA DEPOK, DAERAH KABUPATEN BEKASI, DAN DAERAH KOTA BEKASI",Peraturan Gubernur Jawa Barat Nomor 27 Tahun 2020
JB,JAWA BARAT,Public Health Measures,The announcement of Covid-19 hospitals,13/04/2020,,Media,https://covid19.hukumonline.com/2020/04/13/keputusan-gubernur-jawa-barat-nomor-445-kep-224-dinkes-2020-tahun-2020/,PERUBAHAN ATAS KEPUTUSAN GUBERNUR JAWA BARAT NOMOR 445/KEP.186-DINKES/2020 TENTANG PENETAPAN RUMAH SAKIT RUJUKAN PENANGGULANGAN PENYAKIT INFEKSI EMERGING TERTENTU,Keputusan Gubernur Jawa Barat Nomor 445/KEP.224-DINKES/2020 Tahun 2020
JB,JAWA BARAT,Public Health Measures,Transportation social distancing,14/04/2020,,Media,https://covid19.hukumonline.com/2020/04/14/surat-edaran-gubernur-jawa-barat-nomor-460-55-hukham-tahun-2020/,"PETUNJUK TEKNIS PELAKSANAAN PEMBATASAN SOSIAL BERSKALA BESAR BIDANG TRANSPORTASI DI DAERAH KABUPATEN BOGOR, DAERAH KOTA BOGOR, DAERAH KOTA DEPOK, DAERAH KABUPATEN BEKASI, DAN DAERAH KOTA BEKASI",Surat Edaran Gubernur Jawa Barat Nomor 460/55/HUKHAM Tahun 2020
JB,JAWA BARAT,Governance and socio-economic measure,The Assistance team for procurement of services and goods,15/04/2020,,Media,https://covid19.hukumonline.com/2020/04/15/keputusan-gubernur-jawa-barat-nomor-443-05-kep-232-pbj-2020-tahun-2020/,TIM PENDAMPINGAN PENGADAAN BARANG DAN JASA DALAM KEADAAN DARURAT PENCEGAHAN PENYEBARAN DAN PENANGANAN WABAH CORONA VIRUS DISEASE 2019 DI JAWA BARAT,Keputusan Gubernur Jawa Barat Nomor 443.05/KEP.232-PBJ/2020 Tahun 2020
JB,JAWA BARAT,Public Health Measures,West Java technical implementation unit was assigned as the temporary places for medical workers handling COVID-19,15/04/2020,,Media,https://covid19.hukumonline.com/2020/04/15/keputusan-gubernur-jawa-barat-nomor-443-kep-233-dinkes-2020-tahun-2020/,UNIT PELAKSANA TEKNIS DAERAH PELATIHAN KESEHATAN PROVINSI JAWA BARAT SEBAGAI TEMPAT TINGGAL SEMENTARA BAGI TENAGA MEDIS RING 1 DALAM RANGKA PENANGANAN CORONAVIRUS DISEASE (COVID-19),Keputusan Gubernur Jawa Barat Nomor 443/KEP.233-DINKES/2020 Tahun 2020
JB,JAWA BARAT,Public Health Measures,Technical transportation guidelines for implementing PSBB,18/04/2020,,Media,https://covid19.hukumonline.com/2020/04/18/surat-edaran-gubernur-jawa-barat-nomor-460-59-hukham-tahun-2020/,"PETUNJUK TEKNIS PELAKSANAAN PEMBATASAN SOSIAL BERSKALA BESAR BIDANG TRANSPORTASI DI DAERAH KOTA BANDUNG, DAERAH KOTA CIMAHI, DAERAH KABUPATEN BANDUNG, DAERAH KABUPATEN BANDUNG BARAT, DAN DAERAH KABUPATEN SUMEDANG",Surat Edaran Gubernur Jawa Barat Nomor 460/59/HUKHAM Tahun 2020
JB,JAWA BARAT,Governance and socio-economic measure,The amendment on the Governor's Decree of COVID task force,18/04/2020,,Government,https://jdih.jabarprov.go.id/page/info/produk/24672,PERUBAHAN KEDUA ATAS KEPUTUSAN GUBERNUR JAWA BARAT NOMOR 443/KEP.199-HUKHAM/2020 TENTANG GUGUS TUGAS PERCEPATAN PENANGGULANGAN CORONAVIRUS DISEASE 19 (COVID-19) DI JAWA BARAT,Keputusan Gubernur Jawa Barat Nomor 443/KEP.241-HUKHAM/2020 Tahun 2020
JB,JAWA BARAT,Public Health Measures,The Guidelines (policies) of the large scale of social restrictions,18/04/2020,,Government,https://jdih.jabarprov.go.id/page/info/produk/24670,"PEDOMAN PEMBATASAN SOSIAL BERSKALA BESAR DALAM PENANGANAN CORONAVIRUS DISEASE 2019 (COVID-19) DI DAERAH KOTA BANDUNG, DAERAH KOTA CIMAHI, DAERAH KABUPATEN BANDUNG, DAERAH KABUPATEN BANDUNG BARAT, DAN DAERAH KABUPATEN SUMEDANG",Peraturan Gubernur Jawa Barat Nomor 30 Tahun 2020
JB,JAWA BARAT,Public Health Measures,The implementation of the large scale of social restrictions,18/04/2020,,Government,https://jdih.jabarprov.go.id/page/info/produk/24671,"PEMBERLAKUAN PEMBATASAN SOSIAL BERSKALA BESAR DI DAERAH KOTA BANDUNG, KOTA CIMAHI, KABUPATEN BANDUNG, KABUPATEN BANDUNG BARAT, DAN KABUPATEN SUMEDANG DALAM RANGKA PERCEPATAN PENANGANAN CORONAVIRUS DISEASE 2019 (COVID-19)",Keputusan Gubernur Jawa Barat Nomor 443/KEP.240-HUKHAM/2020 Tahun 2020
JB,JAWA BARAT,Public Health Measures,The establishment of human resource office of west java province as the isolation place for COVID-19 patients,21/04/2020,,Government,https://jdih.jabarprov.go.id/page/info/produk/24687,PENUNJUKAN KANTOR BADAN PENGEMBANGAN SUMBER DAYA MANUSIA PEMERINTAH DAERAH PROVINSI JAWA BARAT SEBAGAI SATUAN PELAYANAN KESEHATAN ISOLASI MANDIRI JAWA BARAT DALAM RANGKA PENANGANAN CORONAVIRUS DISEASE 19 (COVID-19),Keputusan Gubernur Jawa Barat Nomor 443/KEP.243-DINKES/2020 Tahun 2020
JB,JAWA BARAT,Governance and socio-economic measure,Labor intensive program for impacted people,21/04/2020,,Government,https://peraturan.bpk.go.id/Home/Details/136970/pergub-prov-jawa-barat-no-32-tahun-2020,PEDOMAN PELAKSANAAN PROGRAM PADAT KARYA DENGAN KEIKUTSERTAAN MASYARAKAT YANG TERDAMPAK AKIBAT PANDEMI WABAH CORONA VIRUS DISEASE-19 (COVID-19) DI JAWA BARAT,Peraturan Gubernur Jawa Barat Nomor 32 Tahun 2020
JB,JAWA BARAT,Public Health Measures,Human resources for handling the isolation of COVID-19 patients,21/04/2020,,Government,https://jdih.jabarprov.go.id/page/info/produk/24688,SUMBER DAYA MANUSIA PENDUKUNG PADA SATUAN PELAYANAN KESEHATAN ISOLASI MANDIRI JAWA BARAT DALAM RANGKA PENANGANAN CORONAVIRUS DISEASE 19 (COVID-19),Keputusan Gubernur Jawa Barat Nomor 443/KEP.244-DINKES/2020 Tahun 2020
JB,JAWA BARAT,Governance and socio-economic measure,Guidelines for the collection and distribution of social aid to the impacted people,28/04/2020,,Government,https://peraturan.bpk.go.id/Home/Details/136971/pergub-prov-jawa-barat-no-34-tahun-2020,PEDOMAN PENGGALANGAN DAN PENYALURAN BANTUAN MASYARAKAT UNTUK PERCEPATAN PENANGGULANGAN CORONAVIRUS DISEASE 2019 (COVID-19) DI JAWA BARAT,Peraturan Gubernur Jawa Barat Nomor 34 Tahun 2020
JB,JAWA BARAT,Governance and socio-economic measure,The amendment of the Task Force,28/04/2020,,Government,https://jdih.jabarprov.go.id/page/info/produk/24698,PERUBAHAN KETIGA ATAS KEPUTUSAN GUBERNUR JAWA BARAT NOMOR 443/KEP.199-HUKHAM/2020 TENTANG GUGUS TUGAS PERCEPATAN PENANGGULANGAN CORONAVIRUS DISEASE 19 (COVID-19) DI JAWA BARAT,Keputusan Gubernur Jawa Barat Nomor 443/KEP.252-HUKHAM/2020 Tahun 2020
JB,JAWA BARAT,Public Health Measures,The extension of large scale social restrictions,28/04/2020,,Government,https://jdih.jabarprov.go.id/page/info/produk/24696,"PERPANJANGAN PEMBERLAKUAN PEMBATASAN SOSIAL BERSKALA BESAR DI DAERAH KABUPATEN BOGOR, DAERAH KOTA BOGOR, DAERAH KOTA DEPOK, DAERAH KABUPATEN BEKASI, DAN DAERAH KOTA BEKASI DALAM RANGKA PERCEPATAN PENANGANAN CORONAVIRUS DISEASE 2019 (COVID-19)",Keputusan Gubernur Jawa Barat Nomor 443/KEP.250-HUKHAM/2020 Tahun 2020
JB,JAWA BARAT,Governance and socio-economic measure,The amendment on social safety net,30/04/2020,,Government,https://peraturan.bpk.go.id/Home/Details/136974/pergub-prov-jawa-barat-no-35-tahun-2020,PERUBAHAN ATAS PERATURAN GUBERNUR NOMOR 26 TAHUN 2020 TENTANG JARING PENGAMAN SOSIAL (SOCIAL SAFETY NET) BAGI MASYARAKAT YANG TERDAMPAK EKONOMI AKIBAT PANDEMI CORONAVIRUS DISEASE-19 (COVID-19) DI JAWA BARAT,Peraturan Gubernur Jawa Barat Nomor 35 Tahun 2020
JB,JAWA BARAT,Movement Restrictions,Transportation control during IED Fitri,24/04/2020,31/05/2020,Media,https://covid19.hukumonline.com/2020/04/30/surat-edaran-gubernur-jawa-barat-nomor-024-68-hukham-tahun-2020/,PENGENDALIAN TRANSPORTASI SELAMA MASA ANGKUTAN LEBARAN (IDUL FITRI) TAHUN 1441 H DALAM RANGKA PENCEGAHAN PENYEBARAN CORONAVIRUS DISEASE-19 (COVID-19) DI DAERAH PROVINSI JAWA BARAT,Surat Edaran Gubernur Jawa Barat Nomor 024/68/HUKHAM Tahun 2020
JB,JAWA BARAT,Public Health Measures,Guidelines fof the PSBB,04/05/2020,,Government,https://peraturan.bpk.go.id/Home/Details/136975/pergub-prov-jawa-barat-no-36-tahun-2020,PEDOMAN PEMBATASAN SOSIAL BERSKALA BESAR DALAM PENANGGULANGAN CORONAVIRUS DISEASE 2019 (COVID-19) DI WILAYAH PROVINSI JAWA BARAT,Peraturan Gubernur Jawa Barat Nomor 36 Tahun 2020
JB,JAWA BARAT,Public Health Measures,The implementation of PSBB in West Java province for 14 days,04/05/2020,19/05/2020,Media,https://covid19.hukumonline.com/wp-content/uploads/2020/05/keputusan_gubernur_jawa_barat_nomor_443_kep_259_hukham_2020_tahun_2020.pdf,PEMBERLAKUAN PEMBATASAN SOSIAL BERSKALA BESAR DI WILAYAH PROVINSI JAWA BARAT DALAM RANGKA PERCEPATAN PENANGGULANGAN CORONAVIRUS DISEASE 2019 (COVID-19),Keputusan Gubernur Jawa Barat Nomor 443/KEP.259-HUKHAM/2020 Tahun 2020
JB,JAWA BARAT,Public Health Measures,Technical guidelines for the implementation of PSBB,04/05/2020,,Media,https://covid19.hukumonline.com/2020/05/04/surat-edaran-gubernur-jawa-barat-nomor-460-71-hukham-tahun-2020/,PETUNJUK TEKNIS PELAKSANAAN PEMBATASAN SOSIAL BERSKALA BESAR BIDANG TRANSPORTASI DI WILAYAH PROVINSI JAWA BARAT,Surat Edaran Gubernur Jawa Barat Nomor 460/71/HUKHAM Tahun 2020
JB,JAWA BARAT,Governance and socio-economic measure,The fourth amendment of Task Force,08/05/2020,,Media,https://covid19.hukumonline.com/2020/05/08/keputusan-gubernur-jawa-barat-nomor-443-kep-261-hukham-2020-tahun-2020/,PERUBAHAN KEEMPAT ATAS KEPUTUSAN GUBERNUR JAWA BARAT NOMOR 443/KEP.199-HUKHAM/2020 TENTANG GUGUS TUGAS PERCEPATAN PENANGGULANGAN CORONAVIRUS DISEASE 19 (COVID-19) DI JAWA BARAT,Keputusan Gubernur Jawa Barat Nomor 443/KEP.261-HUKHAM/2020 Tahun 2020
JB,JAWA BARAT,Public Health Measures,The amendment on policies of PSBB guidelines,08/05/2020,,Media,https://covid19.hukumonline.com/2020/05/08/peraturan-gubernur-jawa-barat-nomor-38-tahun-2020/,PERUBAHAN ATAS PERATURAN GUBERNUR JAWA BARAT NOMOR 36 TAHUN 2020 TENTANG PEDOMAN PEMBATASAN SOSIAL BERSKALA BESAR DALAM PENANGGULANGAN CORONAVIRUS DISEASE 2019 (COVID-19) DI WILAYAH PROVINSI JAWA BARAT,Peraturan Gubernur Jawa Barat Nomor 38 Tahun 2020
JB,JAWA BARAT,Public Health Measures,The adjustment of technical instructions of PSBB in West Java,09/05/2020,,Media,https://covid19.hukumonline.com/2020/05/09/surat-edaran-gubernur-jawa-barat-nomor-460-75-hukham-tahun-2020/,PENYESUAIAN PETUNJUK TEKNIS PELAKSANAAN PEMBATASAN SOSIAL BERSKALA BESAR BIDANG TRANSPORTASI DI WILAYAH PROVINSI JAWA BARAT,Surat Edaran Gubernur Jawa Barat Nomor 460/75/HUKHAM Tahun 2020
JB,JAWA BARAT,Public Health Measures,The adjustment of technical instructions of PSBB in several places,12/05/2020,,Government,https://jdih.jabarprov.go.id/assets/uploads/files/produk/2020se00320076.pdf,"Penyesuaian Petunjuk Teknis Pelaksanaan Pembatasan Sosial Berskala Besar Bidang Transportasi di Daerah Kabupaten Bogor, Daerah Kota Bogor, Daerah Kota Depok, Daerah Kabupaten Bekasi dan Daerah Kota Bekasi.",Surat Edaran Gubernur Jawa Barat Nomor 460/76/HUKHAM Tahun 2020
JB,JAWA BARAT,Public Health Measures,The second extension of PSBB in several places,12/05/2020,26/05/2020,Government,https://jdih.jabarprov.go.id/page/info/produk/24727,"PERPANJANGAN KEDUA PEMBERLAKUAN PEMBATASAN SOSIAL BERSKALA BESAR DI DAERAH KABUPATEN BOGOR, DAERAH KOTA BOGOR, DAERAH KOTA DEPOK, DAERAH KABUPATEN BEKASI, DAN DAERAH KOTA BEKASI DALAM RANGKA PERCEPATAN PENANGANAN CORONAVIRUS DISEASE 2019 (COVID-19)",Keputusan Gubernur Jawa Barat Nomor 443/KEP.263-HUKHAM/2020 Tahun 2020
JB,JAWA BARAT,Public Health Measures,The amendment on policies of PSBB guidelines,12/05/2020,,Government,https://jdih.jabarprov.go.id/page/info/produk/24726,"PERUBAHAN ATAS PERATURAN GUBERNUR JAWA BARAT NOMOR 27 TAHUN 2020 TENTANG PEDOMAN PEMBATASAN SOSIAL BERSKALA BESAR DALAM PENANGGULANGAN CORONAVIRUS DISEASE 2019 (COVID-19) DI DAERAH KABUPATEN BOGOR, DAERAH KOTA BOGOR, DAERAH KOTA DEPOK, DAERAH KABUPATEN BEKASI, DAN DAERAH KOTA BEKASI",Peraturan Gubernur Jawa Barat Nomor 39 Tahun 2020
JB,JAWA BARAT,Public Health Measures,The guidelines on the sanction implementation for the violation of PSBB,12/05/2020,,Government,https://peraturan.bpk.go.id/Home/Details/136976/pergub-prov-jawa-barat-no-40-tahun-2020,"PEDOMAN PENGENAAN SANKSI TERHADAP PELANGGARAN PELAKSANAAN PEMBATASAN SOSIAL BERSKALA BESAR DALAM PENANGGULANGAN CORONAVIRUS DISEASE 2019 (COVID-19) DI DAERAH KABUPATEN BOGOR, DAERAH KOTA BOGOR, DAERAH KOTA DEPOK, DAERAH KABUPATEN BEKASI, DAN DAERAH KOTA BEKASI",Peraturan Gubernur Jawa Barat Nomor 40 Tahun 2020
JB,JAWA BARAT,Public Health Measures,PSBB,19/05/2020,,Government,https://jdih.jabarprov.go.id/page/info/produk/24744,PEMBATASAN SOSIAL BERSKALA BESAR TINGKAT DAERAH PROVINSI JAWA BARAT DALAM RANGKA PERCEPATAN PENANGGULANGAN CORONAVIRUS DISEASE 2019 (COVID-19),Keputusan Gubernur Jawa Barat Nomor 443/KEP.274-HUKHAM/2020 Tahun 2020
JB,JAWA BARAT,Public Health Measures,The fifth amendment of PSBB,20/05/2020,,Government,https://jdih.jabarprov.go.id/page/info/produk/24749,PERUBAHAN KELIMA ATAS KEPUTUSAN GUBERNUR JAWA BARAT NOMOR 443/KEP.199-HUKHAM/2020 TENTANG GUGUS TUGAS PERCEPATAN PENANGGULANGAN CORONAVIRUS DISEASE 19 (COVID-19) DI JAWA BARAT,Keputusan Gubernur Jawa Barat Nomor 443/KEP.276-HUKHAM/2020 Tahun 2020
JB,JAWA BARAT,Public Health Measures,The guidelines on the sanction implementation for the violation of PSBB,22/05/2020,,Government,https://jdih.jabarprov.go.id/page/info/produk/24753,PEDOMAN PENGENAAN SANKSI TERHADAP PELANGGARAN PELAKSANAAN PEMBATASAN SOSIAL BERSKALA BESAR DALAM PENANGGULANGAN CORONAVIRUS DISEASE 2019 (COVID-19) DI DAERAH PROVINSI JAWA BARAT,Peraturan Gubernur Jawa Barat Nomor 45 Tahun 2020
JB,JAWA BARAT,Public Health Measures,The extension of PSBB,28/05/2020,12/06/2020,Government,https://jdih.jabarprov.go.id/page/info/produk/24768,PERPANJANGAN PEMBATASAN SOSIAL BERSKALA BESAR TINGKAT DAERAH PROVINSI JAWA BARAT DALAM RANGKA PERCEPATAN PENANGGULANGAN CORONAVIRUS DISEASE 2019 (COVID-19),Keputusan Gubernur Jawa Barat Nomor 443/KEP.287-HUKHAM/2020 Tahun 2020
JB,JAWA BARAT,Public Health Measures,The extension of PSBB,28/05/2020,12/06/2020,Government,https://covid19.hukumonline.com/2020/05/28/surat-gubernur-jawa-barat-nomor-460-2479-hukham-tahun-2020/,PERPANJANGAN PSBB TINGKAT DAERAH PROVINSI JAWA BARAT,Surat Gubernur Jawa Barat Nomor 460/2479/HUKHAM Tahun 2020
JB,JAWA BARAT,Public Health Measures,The extension of emergency response status of non nature disaster COVID,29/05/2020,,Government,https://jdih.jabarprov.go.id/page/info/produk/24771,PERPANJANGAN STATUS TANGGAP DARURAT BENCANA NONALAM PANDEMI CORONAVIRUS DISEASE 2019 (COVID-19) DI DAERAH PROVINSI JAWA BARAT,Keputusan Gubernur Jawa Barat Nomor 443/KEP.290-HUKHAM/2020 Tahun 2020
JB,JAWA BARAT,Public Health Measures,The sixth amendment of task force,30/05/2020,,Government,https://jdih.jabarprov.go.id/page/info/produk/24772,PERUBAHAN KEENAM ATAS KEPUTUSAN GUBERNUR JAWA BARAT NOMOR 443/KEP.199-HUKHAM/2020 TENTANG GUGUS TUGAS PERCEPATAN PENANGGULANGAN CORONAVIRUS DISEASE 19 (COVID-19) DI JAWA BARAT,Keputusan Gubernur Jawa Barat Nomor 443/KEP.291-HUKHAM/2020 Tahun 2020
JB,JAWA BARAT,Public Health Measures,The guidelines of PSBB,30/05/2020,,Government,https://jdih.jabarprov.go.id/page/info/produk/24773,PEDOMAN PEMBATASAN SOSIAL BERSKALA BESAR SECARA PROPORSIONAL SESUAI LEVEL KEWASPADAAN DAERAH KABUPATEN/KOTA SEBAGAI PERSIAPAN PELAKSANAAN ADAPTASI KEBIASAAN BARU UNTUK PENCEGAHAN DAN PENGENDALIAN CORONAVIRUS DISEASE 2019 (COVID-19),Peraturan Gubernur Jawa Barat Nomor 46 Tahun 2020
JB,JAWA BARAT,Public Health Measures,The implementation of PSBB,04/06/2020,,Government,https://jdih.jabarprov.go.id/page/info/produk/24787,"PEMBERLAKUAN PEMBATASAN SOSIAL BERSKALA BESAR SECARA PROPORSIONAL DI DAERAH KABUPATEN BOGOR, DAERAH KOTA BOGOR, DAERAH KOTA DEPOK, DAERAH KABUPATEN BEKASI, DAN DAERAH KOTA BEKASI DALAM RANGKA PERCEPATAN PENANGANAN CORONAVIRUS DISEASE 2019 (COVID-19)",Keputusan Gubernur Jawa Barat Nomor 443/KEP.304-HUKHAM/2020 Tahun 2020
JB,JAWA BARAT,Public Health Measures,The preparation of new normal adaptation,04/06/2020,,Government,https://jdih.jabarprov.go.id/page/info/produk/24798,PERSIAPAN PELAKSANAAN ADAPTASI KEBIASAAN BARU UNTUK PENCEGAHAN DAN PENGENDALIAN CORONAVIRUS DISEASE 2019 (COVID-19),Surat Edaran Gubernur Jawa Barat Nomor 443/90/HUKHAM Tahun 2020
JB,JAWA BARAT,Public Health Measures,The health protocol to prevent and control COVID 19,11/06/2020,,Government,https://jdih.jabarprov.go.id/page/info/produk/24808,PROTOKOL KESEHATAN UNTUK PENCEGAHAN DAN PENGENDALIAN CORONAVIRUS DISEASE 2019 (COVID-19) DI LINGKUNGAN PONDOK PESANTREN,Keputusan Gubernur Jawa Barat Nomor 443/KEP.321-HUKHAM/2020 Tahun 2020
JB,JAWA BARAT,Public Health Measures,The implementation of PSBB,11/06/2020,26/06/2020,Government,https://jdih.jabarprov.go.id/page/info/produk/24807,PEMBERLAKUAN PEMBATASAN SOSIAL BERSKALA BESAR SECARA PROPORSIONAL TINGKAT DAERAH PROVINSI JAWA BARAT DI LUAR WILAYAH BODEBEK DALAM RANGKA PERCEPATAN PENANGANAN CORONAVIRUS DISEASE 2019 (COVID-19),Keputusan Gubernur Jawa Barat Nomor 443/KEP.320-HUKHAM/2020 Tahun 2020
JB,JAWA BARAT,Public Health Measures,The amendment of Governor Decree on health protocol,15/06/2020,,Government,https://jdih.jabarprov.go.id/page/info/produk/24813,PERUBAHAN ATAS KEPUTUSAN GUBERNUR JAWA BARAT NOMOR 443/KEP.321-HUKHAM/2020 TENTANG PROTOKOL KESEHATAN UNTUK PENCEGAHAN DAN PENGENDALIAN CORONA VIRUS DISEASE 2019 (COVID-19) DI LINGKUNGAN PONDOK PESANTREN,Keputusan Gubernur Jawa Barat Nomor 443/KEP.326-HUKHAM/2020 Tahun 2020
JB,JAWA BARAT,Public Health Measures,The sevent amendment for Task Force,17/06/2020,,Government,https://jdih.jabarprov.go.id/page/info/produk/24822,PERUBAHAN KETUJUH ATAS KEPUTUSAN GUBERNUR JAWA BARAT NOMOR 443/KEP.199-HUKHAM/2020 TENTANG GUGUS TUGAS PERCEPATAN PENANGGULANGAN CORONAVIRUS DISEASE 19 (COVID-19) DI JAWA BARAT,Keputusan Gubernur Jawa Barat Nomor 443/KEP.334-HUKHAM/2020 Tahun 2020
JB,JAWA BARAT,Public Health Measures,The guidelines to micro scale social restrictions,17/06/2020,,Government,https://jdih.jabarprov.go.id/page/info/produk/24823,PEDOMAN PELAKSANAAN PEMBATASAN SOSIAL BERSKALA MIKRO DALAM PENANGGULANGAN CORONAVIRUS DISEASE 2019 (COVID-19) DI DAERAH KABUPATEN/KOTA,Peraturan Gubernur Jawa Barat Nomor 48 Tahun 2020
JB,JAWA BARAT,Governance and socio-economic measure,The amendment of the Governor decree on families as targets for the social welfare aid,29/06/2020,,Media,https://covid19.hukumonline.com/2020/06/29/keputusan-gubernur-jawa-barat-nomor-406-kep-344-dinsos-2020-tahun-2020/,PERUBAHAN ATAS KEPUTUSAN GUBERNUR JAWA BARAT NOMOR 406/KEP.251-DINSOS/2020 TENTANG DAFTAR KELUARGA RUMAH TANGGA SASARAN NON DATA TERPADU KESEJAHTERAAN SOSIAL PENERIMA BANTUAN PEMERINTAH PROVINSI JAWA BARAT BAGI MASYARAKAT YANG TERDAMPAK EKONOMI AKIBAT PANDEMI CORONAVIRUS DISEASE-19 (COVID-19),Keputusan Gubernur Jawa Barat Nomor 406/KEP.344-DINSOS/2020 Tahun 2020
JB,JAWA BARAT,Governance and socio-economic measure,The second amendment of social safety net,29/06/2020,,Government,https://jdih.jabarprov.go.id/page/info/produk/24824,PERUBAHAN KEDUA ATAS PERATURAN GUBERNUR NOMOR 26 TAHUN 2020 TENTANG JARING PENGAMAN SOSIAL (SOCIAL SAFETY NET) BAGI MASYARAKAT YANG TERDAMPAK EKONOMI AKIBAT PANDEMI CORONAVIRUS DISEASE-19 (COVID-19) DI JAWA BARAT,Peraturan Gubernur Jawa Barat Nomor 49 Tahun 2020
JB,JAWA BARAT,Public Health Measures,The extension of PSBB,02/07/2020,17/07/2020,Media,https://covid19.hukumonline.com/2020/07/02/keputusan-gubernur-jawa-barat-nomor-443-kep-350-hukham-2020-tahun-2020/,"PERPANJANGAN PEMBERLAKUAN PEMBATASAN SOSIAL BERSKALA BESAR SECARA PROPORSIONAL DI DAERAH KABUPATEN BOGOR, DAERAH KOTA BOGOR, DAERAH KOTA DEPOK, DAERAH KABUPATEN BEKASI, DAN DAERAH KOTA BEKASI (WILAYAH BODEBEK) DALAM RANGKA PERCEPATAN PENANGANAN CORONAVIRUS DISEASE 2019 (COVID 19)",Keputusan Gubernur Jawa Barat Nomor 443/KEP.350-HUKHAM/2020 Tahun 2020
JB,JAWA BARAT,Public Health Measures,The implementation of new normal adaptation,03/07/2020,,Government,https://jdih.jabarprov.go.id/page/info/produk/24850,PEMBERLAKUAN ADAPTASI KEBIASAAN BARU DAERAH PROVINSI JAWA BARAT DI LUAR WILAYAH BODEBEK DALAM RANGKA PERCEPATAN PENANGANAN CORONAVIRUS DISEASE 2019 (COVID-19),Keputusan Gubernur Jawa Barat Nomor 443/KEP.357-HUKHAM/2020 Tahun 2020
JB,JAWA BARAT,Public Health Measures,The protocol related to qurbani animals,13/07/2020,,Government,https://jdih.jabarprov.go.id/page/info/produk/24875,"PROTOKOL PEMERIKSAAN, PENJUALAN, DAN PENYEMBELIHAN HEWAN KURBAN, SERTA DISTRIBUSI DAGING KURBAN SELAMA PANDEMI CORONAVIRUS DISEASE 2019 (COVID-19)",Keputusan Gubernur Jawa Barat Nomor 443/KEP.376-HUKHAM/2020 Tahun 2020
JB,JAWA BARAT,Public Health Measures,Second extension for PSBB in several places in W. Java,18/07/2020,,Government,https://jdih.jabarprov.go.id/page/info/produk/24903,"PERPANJANGAN KEDUA PEMBERLAKUAN PEMBATASAN SOSIAL BERSKALA BESAR SECARA PROPORSIONAL DI DAERAH KABUPATEN BOGOR, DAERAH KOTA BOGOR, DAERAH KOTA DEPOK, DAERAH KABUPATEN BEKASI, DAN DAERAH KOTA BEKASI (WILAYAH BODEBEK) DALAM RANGKA PERCEPATAN PENANGANAN CORONAVIRUS DISEASE 2019 (COIVD-19)",Keputusan Gubernur Jawa Barat Nomor 443/KEP.398-HUKHAM/2020 Tahun 2020
JB,JAWA BARAT,Public Health Measures,Eight amendment of Governor decree on task force,20/07/2020,,Media,https://covid19.hukumonline.com/2020/07/20/keputusan-gubernur-jawa-barat-nomor-443-kep-400-hukham-2020-tahun-2020/,PERUBAHAN KEDELAPAN ATAS KEPUTUSAN GUBERNUR JAWA BARAT NOMOR 443/KEP.199-HUKHAM/2020 TENTANG GUGUS TUGAS PERCEPATAN PENANGGULANGAN CORONAVIRUS DISEASE 19 (COVID-19) DI JAWA BARAT,Keputusan Gubernur Jawa Barat Nomor 443/KEP.400-HUKHAM/2020 Tahun 2020
JB,JAWA BARAT,Public Health Measures,The implementation of social sanction on those violating PSBB,27/07/2020,,Government,https://jdih.jabarprov.go.id/page/info/produk/24915,PENGENAAN SANKSI ADMINISTRATIF TERHADAP PELANGGARAN TERTIB KESEHATAN DALAM PELAKSANAAN PEMBATASAN SOSIAL BERSKALA BESAR DAN ADAPTASI KEBIASAAN BARU DALAM PENANGGULANGAN CORONAVIRUS DISEASE 2019 (COVID-19) DI DAERAH PROVINSI JAWA BARAT,Peraturan Gubernur Jawa Barat Nomor 60 Tahun 2020
JB,JAWA BARAT,Public Health Measures,The amendment of Governor Decree related to the protocol of qurbani animals,28/07/2020,,Government,https://jdih.jabarprov.go.id/page/info/produk/24923,"PERUBAHAN ATAS KEPUTUSAN GUBERNUR JAWA BARAT NOMOR 443/KEP.376-HUKHAM/2020 TENTANG PROTOKOL PEMERIKSAAN, PENJUALAN, DAN PENYEMBELIHAN HEWAN KURBAN, SERTA DISTRIBUSI DAGING KURBAN SELAMA PANDEMI CORONAVIRUS DISEASE 2019 (COVID-19)",Keputusan Gubernur Jawa Barat Nomor 443/KEP.415-HUKHAM/2020 Tahun 2020
JB,JAWA BARAT,Public Health Measures,The extension of new normal adaptation,30/07/2020,29/08/2020,Government,https://jdih.jabarprov.go.id/page/info/produk/24931,PERPANJANGAN PEMBERLAKUAN ADAPTASI KEBIASAAN BARU DAERAH PROVINSI JAWA BARAT DI LUAR WILAYAH BODEBEK DALAM RANGKA PERCEPATAN PENANGANAN CORONAVIRUS DISEASE 2019 (COVID-19),Keputusan Gubernur Jawa Barat Nomor 443/KEP.420-HUKHAM/2020 Tahun 2020
JB,JAWA BARAT,Public Health Measures,Third extension of PSBB,30/07/2020,16/08/2020,Government,https://jdih.jabarprov.go.id/page/info/produk/24930,"PERPANJANGAN KETIGA PEMBERLAKUAN PEMBATASAN SOSIAL BERSKALA BESAR SECARA PROPORSIONAL DI DAERAH KABUPATEN BOGOR, DAERAH KOTA BOGOR, DAERAH KOTA DEPOK, DAERAH KABUPATEN BEKASI, DAN DAERAH KOTA BEKASI (WILAYAH BODEBEK) DALAM RANGKA PERCEPATAN PENANGANAN CORONAVIRUS DISEASE 2019 (COVID-19)",Keputusan Gubernur Jawa Barat Nomor 443/KEP.419-HUKHAM/2020 Tahun 2020
JB,JAWA BARAT,Public Health Measures,Fourth extension of PSBB,15/08/2020,31/08/2020,Government,https://jdih.jabarprov.go.id/page/info/produk/24956,"PERPANJANGAN KEEMPAT PEMBERLAKUAN PEMBATASAN SOSIAL BERSKALA BESAR SECARA PROPORSIONAL DI DAERAH KABUPATEN BOGOR, DAERAH KOTA BOGOR, DAERAH KOTA DEPOK, DAERAH KABUPATEN BEKASI, DAN DAERAH KOTA BEKASI (WILAYAH BODEBEK) DALAM RANGKA PERCEPATAN PENANGANAN CORONAVIRUS DISEASE 2019 (COVID-19)",Keputusan Gubernur Jawa Barat Nomor 443/KEP.441-HUKHAM/2020 Tahun 2020
JB,JAWA BARAT,Public Health Measures,Second extension for the new normal adaptation,28/08/2020,26/09/2020,Government,https://jdih.jabarprov.go.id/page/info/produk/24989,PERPANJANGAN KEDUA PEMBERLAKUAN ADAPTASI KEBIASAAN BARU DAERAH PROVINSI JAWA BARAT DI LUAR WILAYAH BODEBEK DALAM RANGKA PERCEPATAN PENANGANAN CORONAVIRUS DISEASE 2019 (COVID-19),Keputusan Gubernur Jawa Barat Nomor 443/KEP.469-HUKHAM/2020 Tahun 2020
JB,JAWA BARAT,Public Health Measures,Fifth extension of PSBB,01/09/2020,29/09/2020,Government,https://jdih.jabarprov.go.id/page/info/produk/24996,"PERPANJANGAN KELIMA PEMBERLAKUAN PEMBATASAN SOSIAL BERSKALA BESAR SECARA PROPORSIONAL DI DAERAH KABUPATEN BOGOR, DAERAH KOTA BOGOR, DAERAH KOTA DEPOK, DAERAH KABUPATEN BEKASI, DAN DAERAH KOTA BEKASI (WILAYAH BODEBEK) DALAM RANGKA PERCEPATAN PENANGANAN CORONAVIRUS DISEASE 2019 (COVID-19)",Keputusan Gubernur Jawa Barat Nomor 443/KEP.476-HUKHAM/2020 Tahun 2020
JB,JAWA BARAT,Governance and socio-economic measure,Request help to the Army personnels,12/09/2020,,Government,https://covid19.hukumonline.com/2020/09/12/surat-gubernur-jawa-barat-nomor-440-3966-hukham-tahun-2020/,PERMOHONAN BANTUAN DALAM PENERAPAN PROTOKOL KESEHATAN DI PROVINSI JAWA BARAT,Surat Gubernur Jawa Barat Nomor 440/3966/HUKHAM Tahun 2020
SN,SULAWESI SELATAN,Public Health Measures,Points to follow to prevent the spreading of COVID,16/03/2020,,Media,https://covid19.hukumonline.com/wp-content/uploads/2020/04/surat_edaran_bupati_bone_nomor_188_6_494_iii_set_tahun_2020-2.pdf,PENCEGAHAN CORONA VIRUS DISEASE (COVID-19) DI KABUPATEN BONE,Surat Edaran Bupati Bone Nomor 188.6/494/III/SET Tahun 2020
SN,SULAWESI SELATAN,Governance and socio-economic measure,The establishment of task force,16/03/2020,,Media,https://covid19.hukumonline.com/wp-content/uploads/2020/04/keputusan_bupati_bone_nomor_179_tahun_2020-2.pdf,TENTANG PEMBENTUKAN GUGUS TUGAS PERCEPATAN PENANGANAN CORONA VIRUS DISEASE KABUPATEN BONE TAHUN 2020,Keputusan Bupati Bone Nomor 179 Tahun 2020
SN,SULAWESI SELATAN,Governance and socio-economic measure,Emergency response status for COVID,16/03/2020,,Media,https://covid19.hukumonline.com/wp-content/uploads/2020/04/keputusan_bupati_bone_nomor_178_tahun_2020-2.pdf,PENETAPAN STATUS TANGGAP DARURAT BENCANA NON ALAM PANDEMI COVID-19 DI KABUPATEN BONE,Keputusan Bupati Bone Nomor 178 Tahun 2020
SN,SULAWESI SELATAN,Governance and socio-economic measure,Follow up measure to prevent COVID,16/03/2020,,Media,https://covid19.hukumonline.com/wp-content/uploads/2020/04/surat_edaran_walikota_makassar_nomor_440_83_dkk_iii_2020_tahun_2020-1.pdf,TINDAK LANJUT PENCEGAHAN PENULARAN COVID-19 DI KOTA MAKASSAR,Surat Edaran Walikota Makassar Nomor 440/83/DKK/III/2020 Tahun 2020
SN,SULAWESI SELATAN,Governance and socio-economic measure,"Prevention, anticipation of COVID which includes task force establishment, emergency response status, etc",16/03/2020,,Media,https://covid19.hukumonline.com/wp-content/uploads/2020/04/surat_edaran_bupati_sinjai_nomor_464_tahun_2020-2.pdf,PENCEGAHAN DAN ANTISIPASI PENYEBARAN CORONA VIRUS DISEASE 2019 (COVID-19) DI KABUPATEN SINJAI,Surat Edaran Bupati Sinjai Nomor 464 Tahun 2020
SN,SULAWESI SELATAN,Social Distancing,Adjustment for working system for the civil servants,24/03/2020,,Media,https://covid19.hukumonline.com/wp-content/uploads/2020/04/surat_edaran_bupati_bone_nomor_800_1638_iii_bkpsdm_2020_tahun_2020-2.pdf,PENYESUAIAN SISTEM KERJA APARATUR SIPIL NEGARA DALAM RANGKA PENCEGAHAN PENYEBARAN COVID-19 DI LINGKUNGAN PEMERINTAH KABUPATEN BONE,Surat Edaran Bupati Bone Nomor 800/1638/III/BKPSDM/2020 Tahun 2020
SN,SULAWESI SELATAN,Public Health Measures,An appeal to be more cautious and to do preventive actions,26/03/2020,,Media,https://covid19.hukumonline.com/wp-content/uploads/2020/04/surat_edaran_walikota_makassar_nomor_440_119_s_edar_diskom_iii_2020_tahun_2020-1.pdf,KEWASPADAAN DAN PENCEGAHAN PENYEBARAN WABAH VIRUS CORONA DI WILAYAH KOTA MAKASSAR,Surat Edaran Walikota Makassar Nomor 440/119/S.EDAR/DISKOM/III/2020 Tahun 2020
SN,SULAWESI SELATAN,Social Distancing,The extension of study from home for students in South Sulawesi,30/03/2020,17/04/2020,Media,https://covid19.hukumonline.com/wp-content/uploads/2020/04/surat_edaran_bupati_bone_nomor_410_577_iii_disdik_2020_tahun_2020-2.pdf,PELAKSANAAN PERPANJANGAN SISTEM BELAJAR DI RUMAH DALAM RANGKA PENCEGAHAN PENYEBARAN VIRUS CORONA DI KABUPATEN BONE,Surat Edaran Bupati Bone Nomor 410/577/III/DISDIK/2020 Tahun 2020
SN,SULAWESI SELATAN,Social Distancing,The extension of study from home for students in Bone,30/03/2020,17/04/2020,Media,https://covid19.hukumonline.com/wp-content/uploads/2020/04/surat_edaran_gubernur_sulawesi_selatan_nomor_443_2_2181_disdik_tahun_2020-1.pdf,"PERPANJANGAN MASA BELAJAR DI RUMAH PADA SATUAN PENDIDIKAN SMA/MA, SMP/MTs, SD/MI SEDERAJAT DAN SLB NEGERI DAN SWASTA SE SULAWESI SELATAN ",Surat Edaran Gubernur Sulawesi Selatan Nomor 443.2/2181/DISDIK Tahun 2020
SN,SULAWESI SELATAN,Social Distancing,Revision on the adjustment of working from home for the civil servants,31/03/2020,,Media,https://covid19.hukumonline.com/wp-content/uploads/2020/04/surat_edaran_bupati_bone_nomor_800_1656_iii_bkpsdm_2020_tahun_2020-1.pdf,PERUBAHAN ATAS SURAT EDARAN BUPATI BONE NOMOR 800/1638/III/BKPSDM/2020 TENTANG PENYESUAIAN SISTEM KERJA APARATUR SIPIL NEGARA DALAM RANGKA PENCEGAHAN PENYEBARAN COVID-19 DI LINGKUNGAN PEMERINTAH KABUPATEN BONE,Surat Edaran Bupati Bone Nomor 800/1656/III/BKPSDM/2020 Tahun 2020
SN,SULAWESI SELATAN,Public Health Measures,Instruction to alertness and prevention of COVID-19 spreading,01/04/2020,,Media,https://covid19.hukumonline.com/wp-content/uploads/2020/04/instruksi_bupati_bone_nomor_100616iv2020set_tahun_2020-1.pdf,KEWASPADAAN DAN PENCEGAHAN PENULARAN CORONA VIRUS DISEASE (COVID-19) DI KABUPATEN BONE,Instruksi Bupati Bone Nomor 100616IV2020SET Tahun 2020
SN,SULAWESI SELATAN,Public Health Measures,PSBB,16/04/2020,,Media,https://covid19.hukumonline.com/wp-content/uploads/2020/05/keputusan_menteri_kesehatan_nomor_hk_01_07_menkes_257_2020_tahun_2020.pdf,PENETAPAN PEMBATASAN SOSIAL BERSKALA BESAR DI WILAYAH KOTA MAKASSAR PROVINSI SULAWESI SELATAN DALAM RANGKA PERCEPATAN PENANGANAN CORONAVIRUS DISEASE 2019,Keputusan Menteri Kesehatan Nomor HK.01.07/MENKES/257/2020 Tahun 2020
SN,SULAWESI SELATAN,Public Health Measures,The implementation of PSBB,17/04/2020,,Media,https://covid19.hukumonline.com/wp-content/uploads/2020/07/peraturan_wali_kota_makassar_nomor_22_tahun_2020.pdf,PELAKSANAAN PEMBATASAN SOSIAL BERSKALA BESAR (PSBB) DI KOTA MAKASSAR PROVINSI SULAWESI SELATAN,Peraturan Wali Kota Makassar Nomor 22 Tahun 2020
SN,SULAWESI SELATAN,Public Health Measures,The extension of PSBB,08/05/2020,22/05/2020,Media,https://covid19.hukumonline.com/wp-content/uploads/2020/07/keputusan_wali_kota_makassar_nomor_1153_360_tahun_2020.pdf,PENETAPAN PERPANJANGAN PEMBERLAKUAN PELAKSANAAN PEMBATASAN SOSIAL BERSKALA BESAR (PSBB) DI KOTA MAKASSAR PROVINSI SULSEL,Keputusan Wali Kota Makassar Nomor 1153/360 Tahun 2020
SN,SULAWESI SELATAN,Public Health Measures,The acceleration of COVID -19 prevention,07/07/2020,,Media,https://covid19.hukumonline.com/wp-content/uploads/2020/07/peraturan_wali_kota_makassar_nomor_36_tahun_2020.pdf,PERCEPATAN PENGENDALIAN CORONA VIRUS DISEASE 2019 (COVID-19) DI KOTA MAKASSAR,Peraturan Wali Kota Makassar Nomor 36 Tahun 2020